chunk_id,chunk_text,entity_text,entity_type,is_correct(Y/N),corrected_type,notes
32016R0679_recital_175_0,"The examination procedure should be used for the adoption of implementing acts on standard contractual clauses between controllers and processors and between processors; codes of conduct; technical standards and mechanisms for certification; the adequate level of protection afforded by a third country, a territory or a specified sector within that third country, or an international organisation; standard protection clauses; formats and procedures for the exchange of information by electronic means between controllers, processors and supervisory authorities for binding corporate rules; mutual assistance; and arrangements for the exchange of information by electronic means between supervisory authorities, and between supervisory authorities and the Board. (169) The Commission should adopt immediately applicable implementing acts where available evidence reveals that a third country, a territory or a specified sector within that third country, or an international organisation does not ensure an adequate level of protection, and imperative grounds of urgency so require.",Commission,ORGANIZATION,Y,,Correct.
32016R0679_recital_175_0,"The examination procedure should be used for the adoption of implementing acts on standard contractual clauses between controllers and processors and between processors; codes of conduct; technical standards and mechanisms for certification; the adequate level of protection afforded by a third country, a territory or a specified sector within that third country, or an international organisation; standard protection clauses; formats and procedures for the exchange of information by electronic means between controllers, processors and supervisory authorities for binding corporate rules; mutual assistance; and arrangements for the exchange of information by electronic means between supervisory authorities, and between supervisory authorities and the Board. (169) The Commission should adopt immediately applicable implementing acts where available evidence reveals that a third country, a territory or a specified sector within that third country, or an international organisation does not ensure an adequate level of protection, and imperative grounds of urgency so require.",implementing acts,LEGAL_ACT,N,LEGAL_CONCEPT,"A generic category of legislative instrument, not a specific enacted law."
32016R0679_recital_30_0,"In order to create incentives to apply pseudonymisation when processing personal data, measures of pseudonymi­ sation should, whilst allowing general analysis, be possible within the same controller when that controller has taken technical and organisational measures necessary to ensure, for the processing concerned, that this Regulation is implemented, and that additional information for attributing the personal data to a specific data subject is kept separately. The controller processing the personal data should indicate the authorised persons within the same controller.",controller,ORGANIZATION,Y,,"Correct, matches established convention."
32016R0679_recital_30_0,"In order to create incentives to apply pseudonymisation when processing personal data, measures of pseudonymi­ sation should, whilst allowing general analysis, be possible within the same controller when that controller has taken technical and organisational measures necessary to ensure, for the processing concerned, that this Regulation is implemented, and that additional information for attributing the personal data to a specific data subject is kept separately. The controller processing the personal data should indicate the authorised persons within the same controller.",Regulation,LEGAL_ACT,N,LEGAL_ACT,Bare generic self-reference with no specific identification -- known extraction defect.
32016R0679_article_4_9,"(10) ‘third party’ means a natural or legal person, public authority, agency or body other than the data subject, controller, processor and persons who, under the direct authority of the controller or processor, are authorised to process personal data;",third party,LEGAL_CONCEPT,Y,,"Correct, a defined term from a definitions article."
32016R0679_article_4_9,"(10) ‘third party’ means a natural or legal person, public authority, agency or body other than the data subject, controller, processor and persons who, under the direct authority of the controller or processor, are authorised to process personal data;","natural or legal person, public authority, agency or body",ORGANIZATION,N,ORGANIZATION,Garbled multi-item span combining 4 distinct categories into one entity string.
32016R0679_article_62_1,"2. Where the controller or processor has establishments in several Member States or where a significant number of data subjects in more than one Member State are likely to be substantially affected by processing operations, a supervisory authority of each of those Member States shall have the right to participate in joint operations. The supervisory authority which is competent pursuant to Article 56(1) or (4) shall invite the supervisory authority of each of those Member States to take part in the joint operations and shall respond without delay to the request of a supervisory authority to participate.",supervisory authority,ORGANIZATION,Y,,"Correct, matches established convention."
32016R0679_article_62_1,"2. Where the controller or processor has establishments in several Member States or where a significant number of data subjects in more than one Member State are likely to be substantially affected by processing operations, a supervisory authority of each of those Member States shall have the right to participate in joint operations. The supervisory authority which is competent pursuant to Article 56(1) or (4) shall invite the supervisory authority of each of those Member States to take part in the joint operations and shall respond without delay to the request of a supervisory authority to participate.",Member States,LEGAL_CONCEPT,N,ORGANIZATION,"Clearly an organizational/political entity, not a concept."
32016R0679_article_28_6,"6. Without prejudice to an individual contract between the controller and the processor, the contract or the other legal act referred to in paragraphs 3 and 4 of this Article may be based, in whole or in part, on standard contractual clauses referred to in paragraphs 7 and 8 of this Article, including when they are part of a certification granted to the controller or processor pursuant to Articles 42 and 43.",controller,ORGANIZATION,Y,,Correct.
32016R0679_article_28_6,"6. Without prejudice to an individual contract between the controller and the processor, the contract or the other legal act referred to in paragraphs 3 and 4 of this Article may be based, in whole or in part, on standard contractual clauses referred to in paragraphs 7 and 8 of this Article, including when they are part of a certification granted to the controller or processor pursuant to Articles 42 and 43.",processor,ORGANIZATION,Y,,Correct.
32016R0679_article_28_6,"6. Without prejudice to an individual contract between the controller and the processor, the contract or the other legal act referred to in paragraphs 3 and 4 of this Article may be based, in whole or in part, on standard contractual clauses referred to in paragraphs 7 and 8 of this Article, including when they are part of a certification granted to the controller or processor pursuant to Articles 42 and 43.",standard contractual clauses,LEGAL_CONCEPT,Y,,"A legal mechanism/instrument category, correctly typed as a concept."
32019R0881_recital_36_0,"To understand better the challenges in the area of cybersecurity, and with a view to providing strategic long-term advice to Member States and Union institutions, bodies, offices and agencies, ENISA needs to analyse current and emerging cybersecurity risks. For that purpose, ENISA should, in cooperation with Member States and, as appro­ priate, with statistical bodies and other bodies, collect relevant publicly available or voluntarily shared information and perform analyses of emerging technologies and provide topic-specific assessments on the expected societal, legal, economic and regulatory impact of technological innovations on network and information security, in particular cybersecurity. ENISA should, furthermore, support Member States and Union institutions, bodies, offices and agencies in identifying emerging cybersecurity risks and preventing incidents, by performing analyses of cyber threats, vulnerabilities and incidents.",ENISA,ORGANIZATION,Y,,Correct.
32019R0881_recital_36_0,"To understand better the challenges in the area of cybersecurity, and with a view to providing strategic long-term advice to Member States and Union institutions, bodies, offices and agencies, ENISA needs to analyse current and emerging cybersecurity risks. For that purpose, ENISA should, in cooperation with Member States and, as appro­ priate, with statistical bodies and other bodies, collect relevant publicly available or voluntarily shared information and perform analyses of emerging technologies and provide topic-specific assessments on the expected societal, legal, economic and regulatory impact of technological innovations on network and information security, in particular cybersecurity. ENISA should, furthermore, support Member States and Union institutions, bodies, offices and agencies in identifying emerging cybersecurity risks and preventing incidents, by performing analyses of cyber threats, vulnerabilities and incidents.","Member States and Union institutions, bodies, offices and agencies",ORGANIZATION,N,ORGANIZATION,Garbled multi-item span combining several distinct organizational categories into one entity.
32019R0881_recital_36_0,"To understand better the challenges in the area of cybersecurity, and with a view to providing strategic long-term advice to Member States and Union institutions, bodies, offices and agencies, ENISA needs to analyse current and emerging cybersecurity risks. For that purpose, ENISA should, in cooperation with Member States and, as appro­ priate, with statistical bodies and other bodies, collect relevant publicly available or voluntarily shared information and perform analyses of emerging technologies and provide topic-specific assessments on the expected societal, legal, economic and regulatory impact of technological innovations on network and information security, in particular cybersecurity. ENISA should, furthermore, support Member States and Union institutions, bodies, offices and agencies in identifying emerging cybersecurity risks and preventing incidents, by performing analyses of cyber threats, vulnerabilities and incidents.",cybersecurity risks,LEGAL_CONCEPT,Y,,Correct.
32019R0881_recital_36_0,"To understand better the challenges in the area of cybersecurity, and with a view to providing strategic long-term advice to Member States and Union institutions, bodies, offices and agencies, ENISA needs to analyse current and emerging cybersecurity risks. For that purpose, ENISA should, in cooperation with Member States and, as appro­ priate, with statistical bodies and other bodies, collect relevant publicly available or voluntarily shared information and perform analyses of emerging technologies and provide topic-specific assessments on the expected societal, legal, economic and regulatory impact of technological innovations on network and information security, in particular cybersecurity. ENISA should, furthermore, support Member States and Union institutions, bodies, offices and agencies in identifying emerging cybersecurity risks and preventing incidents, by performing analyses of cyber threats, vulnerabilities and incidents.",emerging technologies,LEGAL_CONCEPT,N,LEGAL_CONCEPT,"Too generic -- a topic descriptor, not a defined legal/regulatory concept."
32019R0881_recital_36_0,"To understand better the challenges in the area of cybersecurity, and with a view to providing strategic long-term advice to Member States and Union institutions, bodies, offices and agencies, ENISA needs to analyse current and emerging cybersecurity risks. For that purpose, ENISA should, in cooperation with Member States and, as appro­ priate, with statistical bodies and other bodies, collect relevant publicly available or voluntarily shared information and perform analyses of emerging technologies and provide topic-specific assessments on the expected societal, legal, economic and regulatory impact of technological innovations on network and information security, in particular cybersecurity. ENISA should, furthermore, support Member States and Union institutions, bodies, offices and agencies in identifying emerging cybersecurity risks and preventing incidents, by performing analyses of cyber threats, vulnerabilities and incidents.",technological innovations on network and information security,LEGAL_CONCEPT,N,LEGAL_CONCEPT,"Span too long (8 words) -- a descriptive clause, not a concise entity."
32019R0881_recital_32_0,"In performing its task to support operational cooperation within the CSIRTs network, ENISA should be able to provide support to Member States at their request, such as by providing advice on how to improve their capabilities to prevent, detect and respond to incidents, by facilitating the technical handling of incidents having a significant or substantial impact or by ensuring that cyber threats and incidents are analysed. ENISA should facilitate the technical handling of incidents having a significant or substantial impact in particular by supporting the voluntary sharing of technical solutions between Member States or by producing combined technical information, such as technical solutions voluntarily shared by the Member States. Recommendation (EU) 2017/1584 recommends that Member States cooperate in good faith and share among themselves and with ENISA information on large-scale incidents and crises related to cybersecurity without undue delay. Such information would further help ENISA in performing its task of supporting operational cooperation.",ENISA,ORGANIZATION,Y,,Correct.
32019R0881_recital_32_0,"In performing its task to support operational cooperation within the CSIRTs network, ENISA should be able to provide support to Member States at their request, such as by providing advice on how to improve their capabilities to prevent, detect and respond to incidents, by facilitating the technical handling of incidents having a significant or substantial impact or by ensuring that cyber threats and incidents are analysed. ENISA should facilitate the technical handling of incidents having a significant or substantial impact in particular by supporting the voluntary sharing of technical solutions between Member States or by producing combined technical information, such as technical solutions voluntarily shared by the Member States. Recommendation (EU) 2017/1584 recommends that Member States cooperate in good faith and share among themselves and with ENISA information on large-scale incidents and crises related to cybersecurity without undue delay. Such information would further help ENISA in performing its task of supporting operational cooperation.",Member States,ORGANIZATION,Y,,Correct.
32019R0881_recital_32_0,"In performing its task to support operational cooperation within the CSIRTs network, ENISA should be able to provide support to Member States at their request, such as by providing advice on how to improve their capabilities to prevent, detect and respond to incidents, by facilitating the technical handling of incidents having a significant or substantial impact or by ensuring that cyber threats and incidents are analysed. ENISA should facilitate the technical handling of incidents having a significant or substantial impact in particular by supporting the voluntary sharing of technical solutions between Member States or by producing combined technical information, such as technical solutions voluntarily shared by the Member States. Recommendation (EU) 2017/1584 recommends that Member States cooperate in good faith and share among themselves and with ENISA information on large-scale incidents and crises related to cybersecurity without undue delay. Such information would further help ENISA in performing its task of supporting operational cooperation.",(EU) 2017/1584,LEGAL_ACT,N,LEGAL_ACT,Truncated citation fragment -- missing the instrument-type prefix (e.g. 'Recommendation').
32019R0881_article_7_5,"6. ENISA, in close cooperation with the Member States, shall prepare a regular in-depth EU Cybersecurity Technical Situation Report on incidents and cyber threats based on publicly available information, its own analysis, and reports shared by, among others, the Member States’ CSIRTs or the single points of contact established by Directive (EU) 2016/1148, both on a voluntary basis, EC3 and CERT-EU.",ENISA,ORGANIZATION,Y,,Correct.
32019R0881_article_7_5,"6. ENISA, in close cooperation with the Member States, shall prepare a regular in-depth EU Cybersecurity Technical Situation Report on incidents and cyber threats based on publicly available information, its own analysis, and reports shared by, among others, the Member States’ CSIRTs or the single points of contact established by Directive (EU) 2016/1148, both on a voluntary basis, EC3 and CERT-EU.",Member States,ORGANIZATION,Y,,Correct.
32019R0881_article_7_5,"6. ENISA, in close cooperation with the Member States, shall prepare a regular in-depth EU Cybersecurity Technical Situation Report on incidents and cyber threats based on publicly available information, its own analysis, and reports shared by, among others, the Member States’ CSIRTs or the single points of contact established by Directive (EU) 2016/1148, both on a voluntary basis, EC3 and CERT-EU.",(EU) 2016/1148,LEGAL_ACT,N,LEGAL_ACT,Truncated citation fragment -- missing the leading 'Directive'.
32019R0881_article_7_5,"6. ENISA, in close cooperation with the Member States, shall prepare a regular in-depth EU Cybersecurity Technical Situation Report on incidents and cyber threats based on publicly available information, its own analysis, and reports shared by, among others, the Member States’ CSIRTs or the single points of contact established by Directive (EU) 2016/1148, both on a voluntary basis, EC3 and CERT-EU.",EC3 and CERT-EU,ORGANIZATION,N,ORGANIZATION,Garbled span combining two distinct organizations into one entity via 'and'.
32019R0881_article_5_4,"(5) supporting: (a) the development and implementation of Union policy in the field of electronic identity and trust services, in particular by providing advice and issuing technical guidelines, as well as by facilitating the exchange of best practices between competent authorities; (b) the promotion of an enhanced level of security of electronic communications, including by providing advice and expertise, as well as by facilitating the exchange of best practices between competent authorities; (c) Member States in the implementation of specific cybersecurity aspects of Union policy and law relating to data protection and privacy, including by providing advice to the European Data Protection Board upon request;",Union policy,LEGAL_CONCEPT,Y,,"Correct, a genuine regulatory/policy concept category."
32019R0881_article_5_4,"(5) supporting: (a) the development and implementation of Union policy in the field of electronic identity and trust services, in particular by providing advice and issuing technical guidelines, as well as by facilitating the exchange of best practices between competent authorities; (b) the promotion of an enhanced level of security of electronic communications, including by providing advice and expertise, as well as by facilitating the exchange of best practices between competent authorities; (c) Member States in the implementation of specific cybersecurity aspects of Union policy and law relating to data protection and privacy, including by providing advice to the European Data Protection Board upon request;",European Data Protection Board,ORGANIZATION,Y,,Verified present in full chunk text ('providing advice to the European Data Protection Board upon request') -- correct.
32019R0881_article_63_0,"1. Natural and legal persons shall have the right to lodge a complaint with the issuer of a European cybersecurity certificate or, where the complaint relates to a European cybersecurity certificate issued by a conformity assessment body when acting in accordance with Article 56(6), with the relevant national cybersecurity certification authority. 2. The authority or body with which the complaint has been lodged shall inform the complainant of the progress of the proceedings and of the decision taken, and shall inform the complainant of the right to an effective judicial remedy referred to in Article 64.",natural and legal persons,ORGANIZATION,N,LEGAL_CONCEPT,"A generic population/actor category, not a specific organization (same reasoning as 'Union citizens' in the prior round)."
32019R0881_article_63_0,"1. Natural and legal persons shall have the right to lodge a complaint with the issuer of a European cybersecurity certificate or, where the complaint relates to a European cybersecurity certificate issued by a conformity assessment body when acting in accordance with Article 56(6), with the relevant national cybersecurity certification authority. 2. The authority or body with which the complaint has been lodged shall inform the complainant of the progress of the proceedings and of the decision taken, and shall inform the complainant of the right to an effective judicial remedy referred to in Article 64.",issuer of a European cybersecurity certificate,LEGAL_ACT,N,ORGANIZATION,"Refers to an actor/role (a conformity assessment body), not a legal act."
32019R0881_article_63_0,"1. Natural and legal persons shall have the right to lodge a complaint with the issuer of a European cybersecurity certificate or, where the complaint relates to a European cybersecurity certificate issued by a conformity assessment body when acting in accordance with Article 56(6), with the relevant national cybersecurity certification authority. 2. The authority or body with which the complaint has been lodged shall inform the complainant of the progress of the proceedings and of the decision taken, and shall inform the complainant of the right to an effective judicial remedy referred to in Article 64.",national cybersecurity certification authority,LEGAL_CONCEPT,N,ORGANIZATION,"An 'authority' phrase denotes a real institutional body, per established project convention."
32022L2555_recital_26_0,"Where a sector-specific Union legal act contains provisions requiring essential or important entities to adopt cybersecurity risk-management measures or to notify significant incidents, and where those requirements are at least equivalent in effect to the obligations laid down in this Directive, those provisions, including on supervision and enforcement, should apply to such entities. If a sector-specific Union legal act does not cover all entities in a specific sector falling within the scope of this Directive, the relevant provisions of this Directive should continue to apply to the entities not covered by that act.",sector-specific Union legal act,LEGAL_ACT,N,LEGAL_CONCEPT,"A generic category description, not a specific named act."
32022L2555_recital_26_0,"Where a sector-specific Union legal act contains provisions requiring essential or important entities to adopt cybersecurity risk-management measures or to notify significant incidents, and where those requirements are at least equivalent in effect to the obligations laid down in this Directive, those provisions, including on supervision and enforcement, should apply to such entities. If a sector-specific Union legal act does not cover all entities in a specific sector falling within the scope of this Directive, the relevant provisions of this Directive should continue to apply to the entities not covered by that act.",cybersecurity risk-management measures,OBLIGATION,Y,,"Correct, a real regulatory requirement category."
32022L2555_recital_26_0,"Where a sector-specific Union legal act contains provisions requiring essential or important entities to adopt cybersecurity risk-management measures or to notify significant incidents, and where those requirements are at least equivalent in effect to the obligations laid down in this Directive, those provisions, including on supervision and enforcement, should apply to such entities. If a sector-specific Union legal act does not cover all entities in a specific sector falling within the scope of this Directive, the relevant provisions of this Directive should continue to apply to the entities not covered by that act.",significant incidents,LEGAL_CONCEPT,Y,,Correct.
32022L2555_recital_124_0,"The processing of personal data, to the extent necessary and proportionate for the purpose of ensuring security of network and information systems by essential and important entities, could be considered to be lawful on the basis that such processing complies with a legal obligation to which the controller is subject, in accordance with the requirements of Article 6(1), point (c), and Article 6(3) of Regulation (EU) 2016/679. Processing of personal data could also be necessary for legitimate interests pursued by essential and important entities, as well as providers of security technologies and services acting on behalf of those entities, pursuant to Article 6(1), point (f), of Regulation (EU) 2016/679, including where such processing is necessary for cybersecurity information-sharing arrangements or the voluntary notification of relevant information in accordance with this Directive. Measures related to the prevention, detection, identification, containment, analysis and response to incidents, measures to raise awareness in relation to specific cyber threats, exchange of information in the context of vulnerability remediation and coordinated vulnerability disclosure, the voluntary exchange of information about those incidents, and cyber threats and vulnerabilities, indicators of compromise, tactics, techniques and procedures, cybersecurity alerts and configuration tools could require the processing of certain categories of personal data, such as IP addresses, uniform resources locators (URLs), domain names, email addresses and, where they reveal personal data, time stamps.",supervisory authority,ORGANIZATION,Y,,Correct.
32022L2555_recital_124_0,"The processing of personal data, to the extent necessary and proportionate for the purpose of ensuring security of network and information systems by essential and important entities, could be considered to be lawful on the basis that such processing complies with a legal obligation to which the controller is subject, in accordance with the requirements of Article 6(1), point (c), and Article 6(3) of Regulation (EU) 2016/679. Processing of personal data could also be necessary for legitimate interests pursued by essential and important entities, as well as providers of security technologies and services acting on behalf of those entities, pursuant to Article 6(1), point (f), of Regulation (EU) 2016/679, including where such processing is necessary for cybersecurity information-sharing arrangements or the voluntary notification of relevant information in accordance with this Directive. Measures related to the prevention, detection, identification, containment, analysis and response to incidents, measures to raise awareness in relation to specific cyber threats, exchange of information in the context of vulnerability remediation and coordinated vulnerability disclosure, the voluntary exchange of information about those incidents, and cyber threats and vulnerabilities, indicators of compromise, tactics, techniques and procedures, cybersecurity alerts and configuration tools could require the processing of certain categories of personal data, such as IP addresses, uniform resources locators (URLs), domain names, email addresses and, where they reveal personal data, time stamps.",Regulation (EU) 2016/679,LEGAL_ACT,Y,,"Correct, full proper citation (GDPR)."
32022L2555_article_2_12,"13. Without prejudice to Article 346 TFEU, information that is confidential pursuant to Union or national rules, such as rules on business confidentiality, shall be exchanged with the Commission and other relevant authorities in accordance with this Directive only where that exchange is necessary for the application of this Directive. The information exchanged shall be limited to that which is relevant and proportionate to the purpose of that exchange. The exchange of information shall preserve the confidentiality of that information and protect the security and commercial interests of entities concerned. (27) Directive 2011/93/EU of the European Parliament and of the Council of 13 December 2011 on combating the sexual abuse and sexual exploitation of children and child pornography, and replacing Council Framework Decision 2004/68/JHA (OJ L 335, 17.12.2011, p. 1). (28) Directive 2013/40/EU of the European Parliament and of the Council of 12 August 2013 on attacks against information systems and replacing Council Framework Decision 2005/222/JHA (OJ L 218, 14.8.2013, p. 8).",Union,ORGANIZATION,Y,,"The EU itself as a supranational body, consistent with treating Commission/Council as ORGANIZATION."
32022L2555_article_2_12,"13. Without prejudice to Article 346 TFEU, information that is confidential pursuant to Union or national rules, such as rules on business confidentiality, shall be exchanged with the Commission and other relevant authorities in accordance with this Directive only where that exchange is necessary for the application of this Directive. The information exchanged shall be limited to that which is relevant and proportionate to the purpose of that exchange. The exchange of information shall preserve the confidentiality of that information and protect the security and commercial interests of entities concerned. (27) Directive 2011/93/EU of the European Parliament and of the Council of 13 December 2011 on combating the sexual abuse and sexual exploitation of children and child pornography, and replacing Council Framework Decision 2004/68/JHA (OJ L 335, 17.12.2011, p. 1). (28) Directive 2013/40/EU of the European Parliament and of the Council of 12 August 2013 on attacks against information systems and replacing Council Framework Decision 2005/222/JHA (OJ L 218, 14.8.2013, p. 8).",national rules,LEGAL_CONCEPT,Y,,"Correct, a generic regulatory category appropriately typed as a concept."
32022L2555_article_2_12,"13. Without prejudice to Article 346 TFEU, information that is confidential pursuant to Union or national rules, such as rules on business confidentiality, shall be exchanged with the Commission and other relevant authorities in accordance with this Directive only where that exchange is necessary for the application of this Directive. The information exchanged shall be limited to that which is relevant and proportionate to the purpose of that exchange. The exchange of information shall preserve the confidentiality of that information and protect the security and commercial interests of entities concerned. (27) Directive 2011/93/EU of the European Parliament and of the Council of 13 December 2011 on combating the sexual abuse and sexual exploitation of children and child pornography, and replacing Council Framework Decision 2004/68/JHA (OJ L 335, 17.12.2011, p. 1). (28) Directive 2013/40/EU of the European Parliament and of the Council of 12 August 2013 on attacks against information systems and replacing Council Framework Decision 2005/222/JHA (OJ L 218, 14.8.2013, p. 8).",business confidentiality,LEGAL_CONCEPT,Y,,Correct.
32022L2555_article_2_12,"13. Without prejudice to Article 346 TFEU, information that is confidential pursuant to Union or national rules, such as rules on business confidentiality, shall be exchanged with the Commission and other relevant authorities in accordance with this Directive only where that exchange is necessary for the application of this Directive. The information exchanged shall be limited to that which is relevant and proportionate to the purpose of that exchange. The exchange of information shall preserve the confidentiality of that information and protect the security and commercial interests of entities concerned. (27) Directive 2011/93/EU of the European Parliament and of the Council of 13 December 2011 on combating the sexual abuse and sexual exploitation of children and child pornography, and replacing Council Framework Decision 2004/68/JHA (OJ L 335, 17.12.2011, p. 1). (28) Directive 2013/40/EU of the European Parliament and of the Council of 12 August 2013 on attacks against information systems and replacing Council Framework Decision 2005/222/JHA (OJ L 218, 14.8.2013, p. 8).",Directive 2011/93/EU of the European Parliament and of the Council,LEGAL_ACT,Y,,"Correct, real specific citation."
32022L2555_article_2_12,"13. Without prejudice to Article 346 TFEU, information that is confidential pursuant to Union or national rules, such as rules on business confidentiality, shall be exchanged with the Commission and other relevant authorities in accordance with this Directive only where that exchange is necessary for the application of this Directive. The information exchanged shall be limited to that which is relevant and proportionate to the purpose of that exchange. The exchange of information shall preserve the confidentiality of that information and protect the security and commercial interests of entities concerned. (27) Directive 2011/93/EU of the European Parliament and of the Council of 13 December 2011 on combating the sexual abuse and sexual exploitation of children and child pornography, and replacing Council Framework Decision 2004/68/JHA (OJ L 335, 17.12.2011, p. 1). (28) Directive 2013/40/EU of the European Parliament and of the Council of 12 August 2013 on attacks against information systems and replacing Council Framework Decision 2005/222/JHA (OJ L 218, 14.8.2013, p. 8).",Council Framework Decision 2004/68/JHA,LEGAL_ACT,Y,,"Correct, real specific citation."
32022L2555_article_2_12,"13. Without prejudice to Article 346 TFEU, information that is confidential pursuant to Union or national rules, such as rules on business confidentiality, shall be exchanged with the Commission and other relevant authorities in accordance with this Directive only where that exchange is necessary for the application of this Directive. The information exchanged shall be limited to that which is relevant and proportionate to the purpose of that exchange. The exchange of information shall preserve the confidentiality of that information and protect the security and commercial interests of entities concerned. (27) Directive 2011/93/EU of the European Parliament and of the Council of 13 December 2011 on combating the sexual abuse and sexual exploitation of children and child pornography, and replacing Council Framework Decision 2004/68/JHA (OJ L 335, 17.12.2011, p. 1). (28) Directive 2013/40/EU of the European Parliament and of the Council of 12 August 2013 on attacks against information systems and replacing Council Framework Decision 2005/222/JHA (OJ L 218, 14.8.2013, p. 8).",Directive 2013/40/EU of the European Parliament and of the Council,LEGAL_ACT,Y,,"Correct, real specific citation."
32022L2555_article_2_10,"11. The obligations laid down in this Directive shall not entail the supply of information the disclosure of which would be contrary to the essential interests of Member States’ national security, public security or defence.",Member States,ORGANIZATION,Y,,Correct.
32022L2555_article_2_10,"11. The obligations laid down in this Directive shall not entail the supply of information the disclosure of which would be contrary to the essential interests of Member States’ national security, public security or defence.",obligations,OBLIGATION,N,OBLIGATION,"Too generic/non-specific to be a meaningful entity -- bare word with no identifying content, analogous to a bare self-reference."
32022L2555_article_6_14,"(15) ‘vulnerability’ means a weakness, susceptibility or flaw of ICT products or ICT services that can be exploited by a cyber threat;",vulnerability,LEGAL_CONCEPT,Y,,"Correct, a defined term from a definitions article."
32022L2555_article_6_14,"(15) ‘vulnerability’ means a weakness, susceptibility or flaw of ICT products or ICT services that can be exploited by a cyber threat;","weakness, susceptibility or flaw of ICT products or ICT services that can be exploited by a cyber threat",LEGAL_CONCEPT,N,LEGAL_CONCEPT,"This is the entire definition clause copied as the entity span, not a bounded entity -- 'vulnerability' above already captures this concept concisely."
32022R0868_recital_26_0,"they should not exercise that right in order to prevent the re-use of data or to restrict re-use beyond the limits set by this Regulation. (26) Directive 96/9/EC of the European Parliament and of the Council of 11 March 1996 on the legal protection of databases (OJ L 77, 27.3.1996, p. 20).",Directive 96/9/EC,LEGAL_ACT,Y,,"Correct, real specific citation (a single inline reference, not part of a footnote-block run, so correctly left in place by the footnote stripper)."
32022R0868_recital_26_0,"they should not exercise that right in order to prevent the re-use of data or to restrict re-use beyond the limits set by this Regulation. (26) Directive 96/9/EC of the European Parliament and of the Council of 11 March 1996 on the legal protection of databases (OJ L 77, 27.3.1996, p. 20).",European Parliament and of the Council,ORGANIZATION,N,ORGANIZATION,"Garbled citation-parsing artifact (fragment of 'Directive 96/9/EC of the European Parliament and of the Council'), not a clean standalone entity."
32022R0868_recital_29_0,"Appropriate safeguards should also be considered to be implemented where, in the third country to which non- personal data is being transferred, there are equivalent measures in place which ensure that data benefit from a level of protection similar to that applicable by means of Union law, in particular with regard to the protection of trade secrets and intellectual property rights. To that end, the Commission should be able to declare, by means of implementing acts, where justified because of the substantial number of requests across the Union concerning the re-use of non-personal data in specific third countries, that a third country provides a level of protection that is essentially equivalent to that provided by Union law. The Commission should assess the necessity of such implementing acts on the basis of information provided by the Member States through the European Data Innovation Board. Such implementing acts would reassure public sector bodies that re-use of data held by public sector bodies in the third country concerned would not compromise the protected nature of that data. The assessment of the level of protection afforded in the third country concerned should, in particular, take into consideration the relevant general and sectoral law, including on public security, defence, national security and criminal law, concerning access to and protection of non-personal data, any access by the public sector bodies of that third country to the data transferred, the existence and effective functioning of one or more independent supervisory authorities in the third country with responsibility for ensuring and enforcing compliance with the legal regime ensuring access to such data, the third country’s international commitments regarding the protection of data, or other obligations arising from legally binding conventions or instruments as well as from its participation in multilateral or regional systems.",European Data Innovation Board,ORGANIZATION,Y,,A genuine body established by the Data Governance Act -- correct.
32022R0868_recital_29_0,"Appropriate safeguards should also be considered to be implemented where, in the third country to which non- personal data is being transferred, there are equivalent measures in place which ensure that data benefit from a level of protection similar to that applicable by means of Union law, in particular with regard to the protection of trade secrets and intellectual property rights. To that end, the Commission should be able to declare, by means of implementing acts, where justified because of the substantial number of requests across the Union concerning the re-use of non-personal data in specific third countries, that a third country provides a level of protection that is essentially equivalent to that provided by Union law. The Commission should assess the necessity of such implementing acts on the basis of information provided by the Member States through the European Data Innovation Board. Such implementing acts would reassure public sector bodies that re-use of data held by public sector bodies in the third country concerned would not compromise the protected nature of that data. The assessment of the level of protection afforded in the third country concerned should, in particular, take into consideration the relevant general and sectoral law, including on public security, defence, national security and criminal law, concerning access to and protection of non-personal data, any access by the public sector bodies of that third country to the data transferred, the existence and effective functioning of one or more independent supervisory authorities in the third country with responsibility for ensuring and enforcing compliance with the legal regime ensuring access to such data, the third country’s international commitments regarding the protection of data, or other obligations arising from legally binding conventions or instruments as well as from its participation in multilateral or regional systems.",Commission,ORGANIZATION,Y,,Correct.
32022R0868_article_14_2,"3. Where the competent authority for data intermediation services finds that a data intermediation services provider does not comply with one or more of the requirements of this Chapter, it shall notify that data intermediation services provider of those findings and give it the opportunity to state its views, within 30 days of the receipt of the notification.",competent authority for data intermediation services,ORGANIZATION,Y,,"Correct, matches 'authority' = ORGANIZATION convention."
32022R0868_article_14_2,"3. Where the competent authority for data intermediation services finds that a data intermediation services provider does not comply with one or more of the requirements of this Chapter, it shall notify that data intermediation services provider of those findings and give it the opportunity to state its views, within 30 days of the receipt of the notification.",data intermediation services provider,LEGAL_CONCEPT,N,ORGANIZATION,Refers to a real organizational actor (a provider/company) -- matches this same entity's correct classification in the prior labeling round.
32022R0868_article_19_4,"5. Where the entity has submitted all necessary information pursuant to paragraph 4 and after the competent authority for the registration of data altruism organisations has evaluated the application for registration and found that the entity complies with the requirements of Article 18, it shall register the entity in the public national register of recognised data altruism organisations within 12 weeks after the receipt of the application for registration. The registration shall be valid in all Member States. The competent authority for the registration of data altruism organisations shall notify the Commission of any registration. The Commission shall include that registration in the public Union register of recognised data altruism organisations.",competent authority for the registration of data altruism organisations,ORGANIZATION,Y,,Correct.
32022R0868_article_19_4,"5. Where the entity has submitted all necessary information pursuant to paragraph 4 and after the competent authority for the registration of data altruism organisations has evaluated the application for registration and found that the entity complies with the requirements of Article 18, it shall register the entity in the public national register of recognised data altruism organisations within 12 weeks after the receipt of the application for registration. The registration shall be valid in all Member States. The competent authority for the registration of data altruism organisations shall notify the Commission of any registration. The Commission shall include that registration in the public Union register of recognised data altruism organisations.",Commission,ORGANIZATION,Y,,Correct.
32022R0868_article_2_1,"(2) ‘re-use’ means the use by natural or legal persons of data held by public sector bodies, for commercial or non- commercial purposes other than the initial purpose within the public task for which the data were produced, except for the exchange of data between public sector bodies purely in pursuit of their public tasks;",natural or legal persons,ORGANIZATION,N,LEGAL_CONCEPT,"A generic population/actor category, not a specific organization."
32022R0868_article_2_1,"(2) ‘re-use’ means the use by natural or legal persons of data held by public sector bodies, for commercial or non- commercial purposes other than the initial purpose within the public task for which the data were produced, except for the exchange of data between public sector bodies purely in pursuit of their public tasks;",public sector bodies,LEGAL_CONCEPT,N,ORGANIZATION,"Refers to real government/organizational bodies, not an abstract concept."
